[
    {
        "URL": "https://pipingpotcurry.com/besan-chilla/",
        "Title": "besan chilla savory gram flour pancake",
        "Description": "besan chilla family favorite known characteristic earthy flavor provided besan gram flour simple indian spice herb including chilies onion savory gramflour pancake nutritious vegan perfect enjoy favorite pickle chutney",
        "Prep Time": "10",
        "Cook Time": "15",
        "Total Time": "25",
        "Servings": "4",
        "Calories": "170",
        "Ingredients": [
            "1 cup gram flour besan",
            "14 teaspoon carom seed ajwain",
            "2 green chili pepper finely diced",
            "1 teaspoon ginger grated",
            "14 cup red onion finely chopped",
            "14 cup tomato finely chopped",
            "2 tablespoon cilantro leaf chopped",
            "12 teaspoon salt adjust taste",
            "1 pinch ground turmeric haldi powder",
            "12 teaspoon kashmiri red chili powder adjust taste",
            "12 cup water needed",
            "4 teaspoon oil cook chilla"
        ],
        "Instructions": [
            "large bowl add besan ajwain green chili ginger onion tomato cilantro salt turmeric red chili powder",
            "add water little time whisking form medium thick batter make sure batter thick runny pouring consistency",
            "heat iron skillet nonstick pan medium heat skillet hot take ladle full batter pour center pan using ladle spread batter tala circular motion make round chilla",
            "drizzle oil edge chilla center top total 34 1 teaspoon",
            "cook chilla one side couple minute flip using spatula see golden spot top chilla flipped",
            "press spatula cook side 12 minute",
            "chilla well cooked side remove plate way make chillas",
            "serve besan chilla right way chutney tomato ketchup cup chai"
        ]
    },
    {
        "URL": "https://pipingpotcurry.com/masala-oats/",
        "Title": "indian masala oat savory oatmeal",
        "Description": "masala oat savory oatmeal breakfast porridge cooked lot vegetable aromatic indian spice healthy delicious vegan breakfast recipe",
        "Prep Time": "5",
        "Cook Time": "25",
        "Total Time": "0",
        "Servings": "4",
        "Calories": "198",
        "Ingredients": [
            "1 tablespoon ghee oil use oil vegan",
            "1 teaspoon cumin seed jeera",
            "1 green chili pepper diced optional",
            "1 cup onion diced",
            "1 teaspoon ginger grated",
            "1 teaspoon garlic minced",
            "12 cup tomato chopped",
            "15 cup steelcut oat",
            "35 cup water",
            "2 cup mixed vegetable carrot green bean pea corn edmame frozen fresh",
            "1 tablespoon lime juice",
            "cilantro leaf garnish",
            "12 teaspoon ground turmeric haldi powder",
            "12 teaspoon kashmiri red chili powder paprika adjust taste",
            "12 teaspoon garam masala",
            "1 teaspoon salt adjust taste"
        ],
        "Instructions": [
            "start instant pot saut mode heat add gheeoil add cumin seed let sizzle",
            "add green chili onion ginger garlic saut 23 minute onion translucent",
            "add tomato spice mix well",
            "add mixed vegetable oat water mix well anything stuck bottom pot deglaze press cancel close lid vent sealing position",
            "change instant pot setting pressure cook manual mode 8 minute high pressure",
            "instant pot beep 10 minute npr mean let pressure release naturally 10 minute release pressure manually",
            "open lid add lime juice mix well",
            "garnish cilantro leaf enjoy dollop yogurt",
            "make recipe stovetop recommend use rolled oat every cup rolled oat add 2 cup water",
            "follow step cooking masala oat stovetop large pan adding oat water cook covered 1015 minute mediumlow heat till cooked completely reached desired consistency"
        ]
    },
    {
        "URL": "https://pipingpotcurry.com/quinoa-dosa/",
        "Title": "quinoa dosa",
        "Description": "quinoa dosa healthy twist delicious south indian dosa rice fermentation crispy quinoa dosa goto recipe quick south indian meal",
        "Prep Time": "30",
        "Cook Time": "30",
        "Total Time": "5",
        "Servings": "14",
        "Calories": "103",
        "Ingredients": [
            "1 cup quinoa",
            "12 cup rolled oat",
            "12 cup urad dal whole urad gota",
            "12 cup split chickpea chana dal see note",
            "12 teaspoon fenugreek seed methi dana",
            "1 inch ginger",
            "12 green chili pepper optional",
            "1 teaspoon salt use noniodized salt fermenting",
            "oil ghee make dosa"
        ],
        "Instructions": [
            "add urad quinoa oat chana dal urad dal methi seed large bowl",
            "rinse till water run clear soak 4 cup water 45 hour",
            "drain water soaked quinoa lentil add high speed blender jar add ginger green chili pepper salt",
            "add 1 cup cold water needed grind batter smooth paste start less water add needed",
            "transfer batter large bowl let rest 30 minute batter consistency neither thick runny rather free flowing",
            "heat cast iron griddle tawa mediumhigh heat also use nonstick dosa tawa cast iron best crispy dosas",
            "make sure tawa heated well making dosa sprinkle water sizzle right away",
            "put drop oil tawa spread paper towel tawa also use onion cut half use flat side spread oil help cool tawa spread batter thin layer lower heat little spreading batter change back mediumhigh right spreading batter",
            "take ladle full batter pour center tawa immediately start spread batter center circular motion one direction prefer clockwise try spread thin possible",
            "drizzle oil ghee around egdes dosa also center let cook dosa becomes golden brown start leave come edge",
            "typically need cook one side dosa spread dosa thick might want flip cook side",
            "use flat spatula remove dosa edge roll dosa fold center spatula remove pan serve immediately",
            "making next dosa wipe tawa paper towel spread oil spread dosa increase heat high",
            "serve dosa sambar chutney potato masala"
        ]
    },
    {
        "URL": "https://pipingpotcurry.com/moong-dal-chilla/",
        "Title": "moong dal chilla",
        "Description": "moong dal chilla delicious healthy indian breakfast made yellow moong dal along simple spice herb including chilies onion savory lentil pancake nutritious vegan glutenfree",
        "Prep Time": "10",
        "Cook Time": "25",
        "Total Time": "35",
        "Servings": "4",
        "Calories": "224",
        "Ingredients": [
            "1 cup split yellow lentil moong dal",
            "3 cup water soaking",
            "2 green chili pepper finely diced",
            "1 teaspoon ginger grated",
            "13 cup red onion finely chopped",
            "3 tablespoon cilantro leaf chopped",
            "1 teaspoon salt adjust taste",
            "14 teaspoon ground turmeric haldi powder",
            "12 teaspoon kashmiri red chili powder adjust taste",
            "23 cup water needed",
            "4 teaspoon oil cook chilla"
        ],
        "Instructions": [
            "add moong dal medium bowl rinse moong dal add 3 cup water soak least 3 hour overnight",
            "drain water transfer dal blender add 23 cup water blend make smooth batter",
            "transfer batter bowl add green chili ginger onion cilantro salt turmeric red chili powder mix well add 12 tablespoon water needed make sure batter thick runny pouring consistency",
            "heat iron skillet nonstick pan medium heat add oil wipe clean paper towel",
            "skillet hot turn heat low take ladle full batter pour center pan using ladle spread batter tawa circular motion make round chilla turn heat mediumhigh",
            "drizzle oil edge chilla center top total 34 1 teaspoon",
            "cook chilla one side couple minute flip using spatula see golden spot top chilla flipped",
            "press spatula cook side 12 minute",
            "chilla well cooked side remove plate way make chillas wipe pan paper towel chilla",
            "serve moong dal chilla right way chutney tomato ketchup cup chai"
        ]
    },
    {
        "URL": "https://pipingpotcurry.com/healthy-chickpea-salad/",
        "Title": "healthy chickpea salad",
        "Description": "chickpea salad healthy vegan proteinrich salad easy put together 10 minute chickpea combined fresh veggie flavored indian spice along tangy lemon juice perfect snack quick lunch",
        "Prep Time": "10",
        "Cook Time": "0",
        "Total Time": "10",
        "Servings": "2",
        "Calories": "184",
        "Ingredients": [
            "2 cup chickpea cholegarbanzo bean cooked canned",
            "12 cup red onion diced",
            "12 cup tomato diced",
            "12 cup cucumber diced",
            "1 green chili pepper finely diced optional",
            "3 tablespoon cilantro leaf",
            "2 teaspoon lemon lime juice",
            "14 teaspoon black salt kala namak optional",
            "14 teaspoon kashmiri red chili powder another mild red chili powder",
            "1 teaspoon chaat masala add taste",
            "14 teaspoon salt taste"
        ],
        "Instructions": [
            "add boiled chickpea bowl add green chili onion tomato cucumber spice",
            "add cilantro leaf lemon juice stir well",
            "taste adjust salt needed"
        ]
    },
    {
        "URL": "https://pipingpotcurry.com/kakdi-koshimbir-cucumber-salad/",
        "Title": "kakdi koshimbir spicy indian cucumber salad",
        "Description": "kakdi koshimbir also known khamang kakdi simple easy make refreshing indian cucumber salad bursting crunch flavor hydrating lowcarb recipe made 15 minute delicious vegetarian glutenfree side dish",
        "Prep Time": "10",
        "Cook Time": "5",
        "Total Time": "15",
        "Servings": "4",
        "Calories": "137",
        "Ingredients": [
            "4 cucumber persian",
            "1412 teaspoon salt",
            "1 teaspoon sugar",
            "4 tablespoon peanut",
            "2 tablespoon cilantro leaf chopped",
            "2 teaspoon lime juice",
            "1 tablespoon ghee oil vegan",
            "1 teaspoon cumin seed jeera",
            "1 pinch asafoetida hing skip glutenfree",
            "46 curry leaf kadi patta",
            "1 green chili pepper slit lengthwise optional"
        ],
        "Instructions": [
            "peel cucumber prefer skip cut end discard cut small piece transfer medium bowl",
            "cutting board roughly chop peanut crush mortar pestle put ziploc crush rolling pin pulse grinder coarsely crush keep aside",
            "small saucepan heat ghee medium heat add cumin seed let sizzle add hing curry leaf green chili cook another 30 second",
            "pour tempering chopped cucumber add salt sugar peanut lime juice cilantro mix well serve immediately",
            "making ahead add salt sugar serving make cucumber release water make dish soggy"
        ]
    },
    {
        "URL": "https://pipingpotcurry.com/kala-chana-chaat-black-chickpea-salad/",
        "Title": "kala chana chaat black chickpea salad",
        "Description": "nutrition packed black chickpea salad made black chickpea crunchy onion tomato avocado spice refreshing salad fresh tangy flavor enjoyed great protein rich breakfast snack",
        "Prep Time": "10",
        "Cook Time": "0",
        "Total Time": "10",
        "Servings": "1",
        "Calories": "261",
        "Ingredients": [
            "1 cup kala chana black chickpea boiled",
            "14 cup red onion diced",
            "14 cup tomato diced",
            "1 green chili optional",
            "14 cup avocado chopped optional",
            "1 tablespoon mint leaf",
            "1 tablespoon cilantro leaf",
            "1 teaspoon lemon juice",
            "14 teaspoon black salt kala namak",
            "14 teaspoon kashmiri red chili powder another mild red chili powder",
            "1 teaspoon chaat masala",
            "12 teaspoon dry mango powder amchur",
            "salt taste"
        ],
        "Instructions": [
            "add boiled black chickpea bowl add green chili onion tomato spice stir well",
            "add avocado mint leaf cilantro leaf lemon juice stir well",
            "taste adjust salt needed"
        ]
    },
    {
        "URL": "https://pipingpotcurry.com/sprouts-salad/",
        "Title": "easy sprout salad sprouted mung bean salad",
        "Description": "nutrition packed sprout salad made mung bean crunchy onion tomato cucumber avocado spice refreshing salad fresh tangy flavor enjoyed great protein rich breakfast snack",
        "Prep Time": "10",
        "Cook Time": "0",
        "Total Time": "10",
        "Servings": "1",
        "Calories": "220",
        "Ingredients": [
            "12 cup sprouted mung bean",
            "13 cup red onion diced",
            "13 cup tomato diced",
            "13 cup cucumber diced",
            "1 green chili pepper diced optional",
            "13 cup avocado chopped",
            "1 teaspoon lime juice",
            "1 tablespoon cilantro leaf",
            "1 tablespoon roasted peanut chopped",
            "14 teaspoon black salt kala namak optional",
            "14 teaspoon kashmiri red chili powder another mild red chili powder adjust taste",
            "12 teaspoon chaat masala",
            "12 teaspoon dry mango powder amchur replace lime juice",
            "salt taste"
        ],
        "Instructions": [
            "add sprouted mung bean bowl add green chili onion tomato cucumber avocado lime juice spice mix well taste adjust salt needed",
            "top cilantro leaf chopped peanut enjoy"
        ]
    },
    {
        "URL": "https://pipingpotcurry.com/spinach-dal-pressure-cooker/",
        "Title": "dal palak spinach dal instant pot stovetop",
        "Description": "spinach dal also called dal palak comforting lentil soup added spinach made pressure cooker easy make pressure cooker enjoy basmati rice soup vegetarian glutenfree recipe",
        "Prep Time": "10",
        "Cook Time": "20",
        "Total Time": "30",
        "Servings": "4",
        "Calories": "224",
        "Ingredients": [
            "1 cup split pigeon pea toor dal washed combination masoor moong dal",
            "1 tablespoon ghee oil",
            "1 teaspoon cumin seed jeera",
            "18 teaspoon asafoetida hing optional",
            "1 green chili pepper diced optional",
            "1 teaspoon ginger grated",
            "4 clove garlic minced",
            "34 cup tomato chopped",
            "3 cup water",
            "2 cup spinach palak chopped 68oz",
            "12 teaspoon lime juice",
            "12 teaspoon garam masala",
            "1 teaspoon salt",
            "12 teaspoon ground turmeric haldi powder",
            "12 teaspoon kashmiri red chili powder optional",
            "1 cup basmati rice",
            "1 14 cup water",
            "1 tablespoon ghee optional"
        ],
        "Instructions": [
            "start instant pot saute mode heat oil add cumin seed green chili ginger garlic",
            "saute 30 second garlic turn golden brown add chopped tomato lentil spice water stir well",
            "optional place trivet bowl add ingredient basmati rice place top trivet",
            "press cancel close instant pot lid vent sealing position press manual pressure cook mode 5 minute instant pot beep let pressure release naturally 5 minute release pressure manually 5 minute npr open lid",
            "optional using tongs carefully take bowl basmati rice take trivet",
            "add chopped spinach lime juice garam masala give good stir let dal rest 23 minute spinch soften mix dal",
            "spinach dal ready served enjoy rice soup",
            "heat oil pressure cooker mediumhigh flame add cumin seed green chili ginger garlic",
            "saute 30 second garlic turn golden brown add chopped tomato lentil spice water stir well",
            "cover lid turn heat high flame pressure cook hear two whistle turn heat let pressure release naturally",
            "open lid add chopped spinach lime juice garam masala give good stir let dal rest 23 minute spinch soften mix dal",
            "spinach dal ready served rice soup"
        ]
    },
    {
        "URL": "https://pipingpotcurry.com/instant-pot-sambar/",
        "Title": "vegetable sambar south indian lentil instant pot pressure cooker",
        "Description": "sambar flavorful south indian lentil stew made lentil vegetable tamarind curry leaf spice prepared instant pot pressure cooker",
        "Prep Time": "5",
        "Cook Time": "25",
        "Total Time": "30",
        "Servings": "4",
        "Calories": "305",
        "Ingredients": [
            "1 cup split pigeon pea toor dal washed",
            "1 tablespoon oil",
            "12 onion medium size 1 cup chopped",
            "2 tomato medium size chopped",
            "4 teaspoon sambar masala",
            "2 teaspoon salt",
            "1 tablespoon tamarind imli paste",
            "4 cup water",
            "cilantro leaf finely chopped garnish",
            "1 teaspoon mustard seed rai",
            "6 leaf curry leaf kadi patta",
            "1 pinch asafoetida hing optional skip glutenfree",
            "1 green chili pepper optional",
            "1 cup pumpkin 120 gm cut medium sized piece",
            "1 carrot cut small piece",
            "3 baby eggplant cut 4 piece",
            "6 piece drumstick 2inch piece"
        ],
        "Instructions": [
            "start instant pot saut mode heat oil add tempering ingredient",
            "mustard seed start splutter add chopped onion saut 2 minute",
            "add chopped tomato sambar powder salt saut another 2 minute",
            "add vegetable toor dal water instant pot change instant pot setting manual pressure cook mode 8 minute high pressure vent sealing position note also follow potinpot method mentioned note",
            "instant pot beep let pressure release naturally stir tamarind paste stir sambar mixed well",
            "garnish cilantro sambar ready served",
            "follow step stovetop pressure cooker cook mediumhigh heat 3 whistle turn flame let pressure release naturally",
            "stir tamarind paste sambar mixed well garnish cilantro serve"
        ]
    },
    {
        "URL": "https://pipingpotcurry.com/lentil-vegetable-khichdi-pressure-cooker/",
        "Title": "instant pot lentil vegetable khichdi masala khichdi",
        "Description": "instant pot masala khichdi made lentil rice vegetable along simple spice ghee epitome comfort food india",
        "Prep Time": "5",
        "Cook Time": "20",
        "Total Time": "20",
        "Servings": "3",
        "Calories": "208",
        "Ingredients": [
            "12 cup split green moong lentil washed",
            "12 cup white rice washed",
            "3 cup water",
            "1 tablespoon ghee",
            "12 teaspoon cumin seed jeera",
            "18 teaspoon asafoetida hing",
            "12 tablespoon ginger paste",
            "12 onion small chopped",
            "1 tomato chopped",
            "cilantro garnish",
            "1 potato small cut small piece",
            "12 cup carrot cut small piece",
            "12 cup green pea",
            "14 teaspoon ground turmeric haldi powder",
            "14 teaspoon cayenne red chili powder",
            "1 teaspoon salt"
        ],
        "Instructions": [
            "start instant pot saut mode heat ghee add cumin seed asafoetida let bubble 30 second add onion ginger let cook minute",
            "add veggie spice stir well",
            "add lentil rice water stir well veggie",
            "close instant pot lid change setting manual pressure cook mode 5 minute high pressure vent sealing position",
            "instant pot beep 10 minute npr mean release pressure manually 10 minute instant pot beep",
            "garnish cilantro serve hot additional ghee top"
        ]
    },
    {
        "URL": "https://pipingpotcurry.com/rajma-masala-instant-pot/",
        "Title": "punjabi rajma instant pot stovetop red kidney bean curry",
        "Description": "delicious instant pot rajma masala red kidney bean curry potinpot brown rice great way make complete meal instant pot",
        "Prep Time": "10",
        "Cook Time": "45",
        "Total Time": "55",
        "Servings": "4",
        "Calories": "153",
        "Ingredients": [
            "1 cup red kidney bean rajma soaked least 4 hour overnight water",
            "1 tablespoon ghee oil",
            "1 teaspoon cumin seed jeera",
            "1 tablespoon ginger minced",
            "1 tablespoon garlic minced",
            "1 green chili pepper diced",
            "15 cup onion diced",
            "1 cup tomato diced",
            "15 cup water cooking",
            "1 tablespoon lime juice",
            "cilantro garnish",
            "12 teaspoon ground turmeric haldi powder",
            "1 teaspoon ground cumin jeera powder",
            "1 teaspoon coriander powder dhaniya powder",
            "12 teaspoon garam masala",
            "12 teaspoon red chili powder mirchi powder adjust taste",
            "1 teaspoon salt adjust taste",
            "1 cup brown rice rinsed",
            "125 cup water",
            "1 tablespoon ghee oil optional",
            "1 teaspoon salt optional"
        ],
        "Instructions": [
            "start instant pot saute mode let heat display hot add oil cumin seed green chili",
            "add onion ginger garlic stir saute 3 minute",
            "add tomato spice instant pot stir saute 2 minute",
            "drain old soaking water soaked bean discard add bean water cooking instant pot stir",
            "optional place trivet bowl add ingredient brown rice place top trivet",
            "close lid vent sealing position change setting beanchili mode set timer 30 minute high pressure cooking instant pot beep let pressure release naturally open lid",
            "optional using tongs carefully take bowl brown rice take trivet",
            "add lime juice stir rajma garnish cilantro rajma masala ready serve rice roti",
            "follow step cook rajma stovetop pressure cooker 12 whistle high heat set heat medium cook another 1520 minute"
        ]
    },
    {
        "URL": "https://pipingpotcurry.com/saag-paneer-pressure-cooker/",
        "Title": "instant pot saag paneer",
        "Description": "saag paneer authentic north indian favorite made cooking mustard leaf spinach spice cottage cheese make delicious nutritious dish make instant pot quick easy onepot recipe",
        "Prep Time": "10",
        "Cook Time": "15",
        "Total Time": "25",
        "Servings": "4",
        "Calories": "319",
        "Ingredients": [
            "1 tablespoon ghee oil",
            "14 teaspoon cumin seed jeera",
            "2 green chili pepper optional adjust taste",
            "1 inch ginger chopped",
            "10 clove garlic chopped",
            "2 onion medium sized cut large piece",
            "1 bunch mustard leaf sarson chopped 8oz",
            "1 bunch spinach palak chopped 8oz",
            "14 cup water",
            "10 ounce paneer cottage cheese cut small piece",
            "2 tablespoon corn meal makai ka aata fine ground",
            "12 teaspoon ground turmeric haldi powder",
            "12 teaspoon cayenne red chili powder",
            "2 teaspoon coriander powder dhaniya powder",
            "1 teaspoon salt"
        ],
        "Instructions": [
            "heat ghee instant pot saute mode add jeera green chili ginger garlic",
            "ginger garlic turn golden brown add chopped onion saute 3 minute",
            "add spice instant pot add mustard green spinach water",
            "change instant pot setting manual pressure cook mode 4 minute instant pot beep 5 minute npr mean release pressure manually 5 min turn instant pot",
            "add corn flour use immersion blender blend saag smooth paste",
            "turn instant pot saute mode add paneer cook 3 minute",
            "saag paneer ready served"
        ]
    },
    {
        "URL": "https://pipingpotcurry.com/punjabi-chole-instant-pot/",
        "Title": "instant pot chana masala punjabi chole masala chickpea curry",
        "Description": "punjabi chole masala chana masala indian favorite chickpea curry onepot recipe authentic chana masala made instant pot stovetop pressure cooker healthy proteinrich vegan gluten free chickpea recipe",
        "Prep Time": "10",
        "Cook Time": "45",
        "Total Time": "55",
        "Servings": "4",
        "Calories": "255",
        "Ingredients": [
            "1 cup chickpea cholegarbanzo bean washed 250 ml",
            "3 cup water soaking",
            "15 cup water cooking",
            "1 tablespoon ghee oil",
            "1 green chili pepper chopped optional",
            "5 clove garlic minced",
            "1 inch ginger grated",
            "15 cup onion diced",
            "34 cup tomato chopped 1 tbsp tomato paste",
            "1 tablespoon dried fenugreek leaf kasoori methi",
            "cilantro garnish",
            "12 teaspoon cayenne red chili powder",
            "1 teaspoon coriander powder dhaniya powder",
            "1 tablespoon chole masala",
            "1 teaspoon salt adjust taste",
            "1 teaspoon dry mango powder amchur",
            "1 teaspoon cumin seed jeera",
            "2 leaf bay leaf tej patta",
            "12 teaspoon black peppercorn",
            "1 inch cinnamon dalchini"
        ],
        "Instructions": [
            "wash soak chickpea 3 cup water overnight least 4 hour",
            "start instant pot saut mode add oil whole spice cumin seed bay leaf black peppercorn cinnamon ginger garlic green chili",
            "ginger garlic turn golden brown add onion saut 3 minute",
            "add tomato spice except dry mango powder drain chickpea soaking water add chickpea water cooking stir well",
            "change instant pot setting beanchili mode 35 minute vent sealing position pressure cook high pressure 35 minute",
            "instant pot beep let pressure release naturally pin drop 20 minute release pressure open instant pot",
            "like thicker gravy use hand masher back ladle mash chole bit add dried fenugreek leaf dry mango powder change instant pot setting saut mode let boil 2 minute",
            "garnish cilantro chole masala ready served naan bhatura",
            "heat oil pressure cooker mediumhigh heat add whole spice cumin seed bay leaf black peppercorn cinnamon ginger garlic green chili",
            "ginger garlic turn golden brown add onion saut 3 minute",
            "add tomato spice except dry mango powder drain chickpea soaking water add chickpea water cooking stir well",
            "pressure cook 67 whistle till chana broken easily two finger let pressure release naturally",
            "like thicker gravy use hand masher back ladle mash chole bit add dried fenugreek leaf dry mango powder",
            "adjust water chole thick adjust salt taste bring quick boil add water",
            "garnish cilantro chole masala ready served naan bhatura"
        ]
    },
    {
        "URL": "https://pipingpotcurry.com/green-moong-dal-pressure-cooker/",
        "Title": "green moong dal mung bean curry instant pot stovetop",
        "Description": "wholesome green moong lentil simmered oniontomato gravy made instant pot pressure cooker protein rich mung bean curry enjoy lentil soup along side rice",
        "Prep Time": "5",
        "Cook Time": "25",
        "Total Time": "30",
        "Servings": "4",
        "Calories": "339",
        "Ingredients": [
            "1 cup green gram lentil green moong dal whole rinsed 1 cup 250 ml",
            "1 tablespoon ghee oil",
            "1 teaspoon cumin seed jeera",
            "1 green chili pepper chopped optional",
            "12 tablespoon ginger grated paste",
            "12 tablespoon garlic minced paste",
            "1 cup onion diced",
            "1 cup tomato chopped",
            "3 cup water",
            "1 tablespoon lime juice",
            "cilantro garnish",
            "14 teaspoon ground turmeric haldi powder",
            "1 teaspoon coriander powder dhaniya powder",
            "12 teaspoon red chili powder mirchi powder used kashmiri red chili powder",
            "12 teaspoon garam masala",
            "1 teaspoon salt"
        ],
        "Instructions": [
            "start instant pot saute mode heat oil add cumin seed green chili saute 30 second",
            "add onion ginger garlic saute 3 minute",
            "add chopped tomato spice stir",
            "add lentil water stir well press cancel close instant pot lid vent sealing position",
            "press manual pressure cook mode 15 minute instant pot beep let pressure release naturally npr",
            "open lid add lime juice cilantro stir green moong dal ready served",
            "heat oil pressure cooker mediumhigh flame add cumin seed green chili saute 30 second",
            "add onion ginger garlic saute 3 minute",
            "add chopped tomato spice stir",
            "add lentil water stir well",
            "cover lid turn heat high flame pressure cook hear two whistle reduce flame medium pressure cook another 8 minute let pressure release naturally",
            "open lid add lime juice cilantro stir green moong dal ready served"
        ]
    },
    {
        "URL": "https://pipingpotcurry.com/saag-paneer-pressure-cooker/",
        "Title": "instant pot saag paneer",
        "Description": "saag paneer authentic north indian favorite made cooking mustard leaf spinach spice cottage cheese make delicious nutritious dish make instant pot quick easy onepot recipe",
        "Prep Time": "10",
        "Cook Time": "15",
        "Total Time": "25",
        "Servings": "4",
        "Calories": "319",
        "Ingredients": [
            "1 tablespoon ghee oil",
            "14 teaspoon cumin seed jeera",
            "2 green chili pepper optional adjust taste",
            "1 inch ginger chopped",
            "10 clove garlic chopped",
            "2 onion medium sized cut large piece",
            "1 bunch mustard leaf sarson chopped 8oz",
            "1 bunch spinach palak chopped 8oz",
            "14 cup water",
            "10 ounce paneer cottage cheese cut small piece",
            "2 tablespoon corn meal makai ka aata fine ground",
            "12 teaspoon ground turmeric haldi powder",
            "12 teaspoon cayenne red chili powder",
            "2 teaspoon coriander powder dhaniya powder",
            "1 teaspoon salt"
        ],
        "Instructions": [
            "heat ghee instant pot saute mode add jeera green chili ginger garlic",
            "ginger garlic turn golden brown add chopped onion saute 3 minute",
            "add spice instant pot add mustard green spinach water",
            "change instant pot setting manual pressure cook mode 4 minute instant pot beep 5 minute npr mean release pressure manually 5 min turn instant pot",
            "add corn flour use immersion blender blend saag smooth paste",
            "turn instant pot saute mode add paneer cook 3 minute",
            "saag paneer ready served"
        ]
    },
    {
        "URL": "https://pipingpotcurry.com/instant-pot-butternut-squash-curry/",
        "Title": "instant pot butternut squash curry spinach",
        "Description": "instant pot butternut squash curry creamy vegan curry filled goodness squash coconut milk spinach cozy comforting curry perfect fall dinner",
        "Prep Time": "10",
        "Cook Time": "20",
        "Total Time": "30",
        "Servings": "4",
        "Calories": "206",
        "Ingredients": [
            "1 tablespoon oil",
            "1 cup onion diced",
            "12 tablespoon ginger grated",
            "12 tablespoon garlic minced",
            "1 cup tomato used fireroasted diced tomato",
            "4 cup butternut squash peeled cut 12 23 inch piece 18oz",
            "1 cup water",
            "1 teaspoon ground coriander",
            "1 teaspoon ground cumin jeera powder",
            "12 teaspoon ground turmeric haldi powder",
            "1 teaspoon paprika mild red chili powder adjust taste",
            "1 teaspoon salt",
            "23 cup coconut milk used fullfat",
            "1 teaspoon lime juice",
            "4 cup baby spinach chopped",
            "cilantro leaf chopped garnish optional",
            "roasted peanut crushed"
        ],
        "Instructions": [
            "set instant pot saut mode let heat add oil",
            "add onion garlic ginger saut 3 minute",
            "add tomato spice saute couple minute",
            "add butternut squash water stir well deglaze pot making sure nothing stuck bottom steel insert",
            "switch instant pot pressure cook manual mode high pressure 5 minute vent sealing position",
            "instant pot beep quick pressure release",
            "add coconut milk lime juice stir well add spinach mix curry set instant pot saute mode let simmer 3 minute",
            "butternut squash curry coconut milk spinach ready serve rice garnish chopped cilantro crushed peanut",
            "heavy bottom pot mediumhigh heat follow step pressure cook step add coconut milk let curry simmer 15 minute",
            "stir every 5 miutes make sure nothing stuck bottom also cover pot lid check squash cooked well add minute squash tender add lime juice spinach stir well garnish serve rice"
        ]
    },
    {
        "URL": "https://pipingpotcurry.com/air-fryer-tandoori-gobi/",
        "Title": "tandoori cauliflower gobi tikka",
        "Description": "tandoori cauliflower wonderful glutenfree lowcarb appetizer tossed spiced yogurt marinade roasted oven air fryer tandoori gobi tikka flavorful golden crispy whole family love easy healthy cauliflower recipe",
        "Prep Time": "10",
        "Cook Time": "20",
        "Total Time": "30",
        "Servings": "4",
        "Calories": "77",
        "Ingredients": [
            "1 head cauliflower gobi",
            "oil brushing",
            "lime wedge garnish",
            "cilantro leaf chopped garnish",
            "12 cup greek yogurt thick yogurt",
            "1 tablespoon gram flour besan optional",
            "1 tablespoon ginger paste",
            "1 tablespoon garlic paste",
            "2 teaspoon lime lemon juce",
            "1 teaspoon salt",
            "1 teaspoon garam masala",
            "2 teaspoon kashmiri red chili powder mild adjust taste",
            "12 teaspoon ground turmeric haldi powder",
            "1 teaspoon chaat masala optional",
            "1 tablespoon dried fenugreek leaf kasoori methi optional",
            "1 teaspoon ground cumin jeera powder optional",
            "12 teaspoon carom seed ajwain optional"
        ],
        "Instructions": [
            "rinse cauliflower tap water wipe dry cut discard stem cut cauliflower 1 inch piece",
            "large bowl mix ingredient marinade get smooth paste like consistency",
            "add cauliflower floret mix well get coated marinade",
            "optional like thread cauliflower skewer",
            "transfer cauliflower floret air fryer basket arrange single layer cook multiple batch needed brush oil bake 360f 180 18 min shake 10 minute note check 16 minute adjust cooking time needed",
            "preheat oven 400f 200c place cauliflower floret baking sheet lined parchment paper spread single layer brush spray oil roast tandoori gobi 1820 minute set oven broil cook 3 minute",
            "done remove roasted tandoori cauliflower serving platter garnish lime wedge onion ring enjoy chutney appetizer side dish"
        ]
    },
    {
        "URL": "https://pipingpotcurry.com/lauki-bottle-gourd-instant-pot/",
        "Title": "lauki bottle gourd opo squash curry instant pot pressure cooker",
        "Description": "traditional north indian curry lauki bottle gourd curry prepared oniontomato base ginger garlic spice",
        "Prep Time": "10",
        "Cook Time": "15",
        "Total Time": "25",
        "Servings": "3",
        "Calories": "93",
        "Ingredients": [
            "2 bottle gourd lauki peeled cut small 12 inch piece 45 cup see post detail",
            "1 tablespoon oil",
            "1 teaspoon cumin seed jeera",
            "4 clove garlic finely chopped",
            "1 inch ginger finely chopped",
            "1 green chili pepper optional bird eye another variety",
            "1 onion large chopped 15 cup",
            "2 tomato large chopped 15 cup",
            "1 teaspoon dry mango powder amchur 1 tbsp lemon juice",
            "cilantro garnish",
            "2 teaspoon coriander powder dhaniya powder",
            "14 teaspoon ground turmeric haldi powder",
            "12 teaspoon garam masala",
            "1 teaspoon kashmiri red chili powder adjust taste",
            "2 teaspoon salt adjust taste"
        ],
        "Instructions": [
            "start instant pot saut mode heat oil add cumin ginger garlic green chilli",
            "garlic turned golden brown add chopped onion saut 2 minute",
            "add chopped tomato spice salt anything stuck bottom pot scrape needed add 23 tbsp water deglaze pot",
            "add cut lauki piece stir well press cancel close lid vent sealing position see note",
            "change instant pot setting manual pressure cook mode high pressure 6 minute instant pot beep 10 minute npr mean release pressure manually 10 minute",
            "stir curry garnish cilantro lauki curry ready served roti rice",
            "making lauki stovetop pressure cooker give 12 whistle let pressure release naturally step remain"
        ]
    },
    {
        "URL": "https://pipingpotcurry.com/bhindi-do-pyaza/",
        "Title": "bhindi pyaza",
        "Description": "bhindi pyaza flavorful indian dish crunchy okra cooked lot onion garlic aromatic spice pair dal rice simple indian meal vegan glutenfree",
        "Prep Time": "10",
        "Cook Time": "20",
        "Total Time": "30",
        "Servings": "2",
        "Calories": "194",
        "Ingredients": [
            "1 lb okra bhindi cut equal 1234 round",
            "2 tablespoon mustard oil vegetable oil",
            "12 teaspoon cumin seed jeera",
            "2 green chili pepper adjust taste",
            "4 clove garlic finely diced",
            "1 cup onion medium sliced",
            "1 cup onion pearl onion cut square layer separated",
            "1 teaspoon salt",
            "12 teaspoon ground turmeric haldi powder",
            "2 teaspoon coriander powder dhaniya powder",
            "12 teaspoon ground cumin jeera powder",
            "12 teaspoon red chili powder optional",
            "12 teaspoon dry mango powder amchur"
        ],
        "Instructions": [
            "rinse completely dry okra paper towel cut dried okra round discarding top",
            "heat pan medium heat add oil let heat using mustard oil heat oil till smoke",
            "add cumin seed green chili pepper garlic saut 30 second add sliced onion saute 23 minute want onion soften brown",
            "add chopped bhindi turmeric salt mix well cover lid cook 34 minute remove lid",
            "add onion square add coriander powder cumin powder red chili powder stir gently lower heat cook 57 minute bhindi cooked",
            "add amchur powder gently stir cook another 2 minute",
            "turn heat garnish freshly chopped cilantro leaf bhindi pyaza ready"
        ]
    },
    {
        "URL": "https://pipingpotcurry.com/soya-chunks-curry/",
        "Title": "soya chunk curry instant pot option",
        "Description": "soya chunk curry flavorfilled dish made soya chunk meal maker cooked delicious indian sauce enjoy curry roti rice easy healthy dinner",
        "Prep Time": "15",
        "Cook Time": "20",
        "Total Time": "35",
        "Servings": "4",
        "Calories": "166",
        "Ingredients": [
            "1 cup soya chunk also called meal maker soya nugget nutrela used mini chunk",
            "45 cup water divided",
            "2 cup green pea frozen",
            "1 onion diced 15 cup",
            "12 tablespoon ginger grated",
            "12 tablespoon garlic minced",
            "2 tomato medium size pureed",
            "cilantro garnish",
            "1 inch cinnamon dalchini",
            "12 teaspoon black peppercorn",
            "1 bay leaf tej patta",
            "1 teaspoon cumin seed jeera",
            "2 teaspoon coriander powder dhaniya powder",
            "12 teaspoon ground turmeric haldi powder",
            "1 teaspoon kashmiri red chili powder adjust taste",
            "12 teaspoon garam masala",
            "1 teaspoon salt adjust taste"
        ],
        "Instructions": [
            "soak soya chunk 3 cup water overnight morning strain water sqeeze chunk remove extra liquid",
            "want make soya chunk instantly bring 3 cup water boil add soya chunk leave water till soften 23 mintes strain soya chunk large strainer run cold water minute squeeze soya chunk remove extra liquid",
            "start pressure cooker saut mode let heat add oil whole spice saut 30 second",
            "cumin seed change color add onion ginger garlic saut 5 minute onion become golden brown stirring frequently",
            "add tomato puree spice stir saute 2 minute",
            "add soya chunk green pea saute 3 minute",
            "add 15 cup water stir well deglaze pot scraping make sure nothing stuck bottom pot press cancel close lid vent sealing position",
            "change instant pot setting manual pressure cook mode high pressure 3 min instant pot beep quick release pressure manually",
            "open pot garnish cilantro enjoy soya curry roti naan rice",
            "follow step large pan mediumhigh flame sauting soya chunk green pea bring boil cover pan cook covered 810 minute low flame soya chunk green pea cooked well",
            "follow step large pan mediumhigh flame sauting soya chunk green pea close lid pressure cook one whistle let pressure release naturally"
        ]
    },
    {
        "URL": "https://pipingpotcurry.com/paneer-jalfrezi/",
        "Title": "paneer jalfrezi",
        "Description": "paneer jalfrezi delicious stirfry curry heavenly combination paneer pepper vegetarian restaurant style dish made within 20 minute perfect accompaniment naan",
        "Prep Time": "5",
        "Cook Time": "15",
        "Total Time": "20",
        "Servings": "4",
        "Calories": "283",
        "Ingredients": [
            "2 tablespoon oil used avocado oil",
            "1 teaspoon cumin seed jeera",
            "1 onion medium 34 cup thinly sliced",
            "2 clove garlic minced",
            "12 yellow bell pepper medium thinly sliced",
            "12 red bell pepper medium thinly sliced",
            "14 cup tomato puree",
            "12 cup tomato chopped",
            "9 ounce paneer diced cube",
            "1 tablespoon lime juice",
            "cilantro leaf garnish",
            "14 teaspoon ground turmeric haldi powder",
            "1 teaspoon coriander powder dhaniya powder",
            "1 teaspoon kashmiri red chili powder mild paprika",
            "12 teaspoon salt adjust taste"
        ],
        "Instructions": [
            "heat oil heavybottom saucepan medium heat add cumin seed let sizzle 30 second",
            "add sliced onion garlic fry 23 minute",
            "add spice stir onion minute add couple tablespoon water spice stick pan",
            "add yellow red bell pepper mix spice 5 minute",
            "add chopped tomato tomato puree cook 2 minute tomato mix well curry",
            "add paneer cube stir well cook 23 minute paneer softens",
            "add lime juice mix curry",
            "garnish cilantro serve warm naan roti paratha"
        ]
    },
    {
        "URL": "https://pipingpotcurry.com/indian-cucumber-raita/",
        "Title": "cucumber raita",
        "Description": "easy homemade indian cucumber raita refreshing made grated cucumber yogurt flavored spice perfect easy side dish serve accompaniment biryani pulao indian meal",
        "Prep Time": "10",
        "Cook Time": "0",
        "Total Time": "10",
        "Servings": "2",
        "Calories": "163",
        "Ingredients": [
            "1 cup cucumber grated",
            "2 cup plain yogurt whisked",
            "14 teaspoon salt adjust taste",
            "12 teaspoon roasted ground cumin jeera powder",
            "12 teaspoon chaat masala optional",
            "2 tablespoon cilantro leaf finely chopped",
            "12 green chili slit optional",
            "mint leaf garnish",
            "14 teaspoon kashmiri red chili powder adjust taste garnish"
        ],
        "Instructions": [
            "wash peel grate cucumber taste cucumber grating bitter sour taste dont use using english persian cucumber peel grate using regular cucumber slice lengthwise scrape seed using spoon grate cucumber",
            "bowl add whisked yogurt salt roasted ground cumin chaat masala cilantro leaf green chili optional grated cucumber mix well",
            "transfer serving bowl remove slit green chili added garnish roasted cumin powder red chili powder mint leaf ready immediately refrigerate serving"
        ]
    },
    {
        "URL": "https://pipingpotcurry.com/dalia-bulgur-pulao/",
        "Title": "instant pot bulgur pilaf broken wheat dalia pulao",
        "Description": "simple healthy delicious bulgur cracked wheat pilaf cooked lot veggie",
        "Prep Time": "5",
        "Cook Time": "25",
        "Total Time": "30",
        "Servings": "4",
        "Calories": "335",
        "Ingredients": [
            "1 cup bulgur broken wheatdalia",
            "1 onion small chopped",
            "2 tomato small chopped",
            "1 green chili pepper chopped",
            "4 clove garlic minced",
            "2 cup mixed vegetable bell pepper green pea carrot bean",
            "1 teaspoon salt",
            "2 34 cup water",
            "1 tablespoon ghee oil",
            "1 tablespoon lemon juice",
            "cilantro garnish",
            "1 teaspoon cumin seed jeera",
            "12 teaspoon ground turmeric haldi powder",
            "12 teaspoon red chili powder mirchi powder",
            "1 teaspoon coriander powder dhaniya powder",
            "10 black pepper whole"
        ],
        "Instructions": [
            "heat instant pot saut mode add oil add cumin seed whole black pepper green chilli",
            "start splutter add onion garlic saut 23 minute onion lightly browned",
            "add tomato salt spice stir saute 2 minute",
            "add mixed vegetable stir well add dalia water mix well scrape anything stuck bottom deglaze pot close lid vent sealing position",
            "change instant pot setting manual pressure cook mode high pressure 5 minute",
            "instant pot beep let pressure release naturally 10 minute release pressure manually 10 minute npr mix juice one lemon garnish cilantro serve hot yogurt raita"
        ]
    }
]